filename,width,height,class,xmin,ymin,xmax,ymax
file1.jpg,240,320,arandela,122,97,150,123
file1.jpg,240,320,arandela,17,31,44,53
file1.jpg,240,320,arandela,68,25,89,43
file1.jpg,240,320,tuerca,54,55,70,71
file1.jpg,240,320,tuerca,33,69,49,84
file1.jpg,240,320,perno,65,180,82,221
file1.jpg,240,320,perno,87,183,123,203
file1.jpg,240,320,perno,75,93,90,115
file1.jpg,240,320,perno,61,107,95,144
file1.jpg,240,320,perno,158,148,173,172
file10.jpg,240,320,arandela,125,111,171,183
file10.jpg,240,320,perno,156,202,201,257
file100.jpg,240,320,arandela,68,215,111,282
file100.jpg,240,320,arandela,173,103,207,156
file100.jpg,240,320,perno,79,69,130,134
file100.jpg,240,320,perno,122,1,159,38
file101.jpg,240,320,arandela,72,138,133,198
file102.jpg,240,320,arandela,87,220,134,268
file102.jpg,240,320,arandela,12,64,49,100
file104.jpg,240,320,arandela,1,185,48,276
file104.jpg,240,320,arandela,174,103,210,160
file104.jpg,240,320,arandela,156,28,192,96
file104.jpg,240,320,perno,128,1,174,58
file105.jpg,240,320,arandela,193,176,232,250
file105.jpg,240,320,arandela,165,125,216,215
file105.jpg,240,320,arandela,182,19,228,97
file105.jpg,240,320,perno,109,117,185,182
file105.jpg,240,320,tuerca,112,60,144,116
file105.jpg,240,320,perno,142,1,193,66
file106.jpg,240,320,arandela,104,64,153,153
file108.jpg,240,320,arandela,31,88,88,141
file109.jpg,240,320,arandela,54,77,98,147
file109.jpg,240,320,perno,39,100,70,208
file109.jpg,240,320,arandela,138,165,186,243
file109.jpg,240,320,arandela,205,50,237,102
file11.jpg,240,320,perno,78,183,123,233
file110.jpg,240,320,arandela,96,164,154,219
file110.jpg,240,320,perno,123,148,206,174
file110.jpg,240,320,arandela,39,7,102,66
file112.jpg,240,320,perno,64,72,150,242
file113.jpg,240,320,perno,71,190,180,247
file114.jpg,240,320,perno,69,132,96,249
file119.jpg,240,320,perno,112,114,197,199
file119.jpg,240,320,tuerca,45,116,89,166
file12.jpg,240,320,perno,80,141,143,188
file120.jpg,240,320,perno,72,135,95,251
file120.jpg,240,320,tuerca,142,244,175,291
file121.jpg,240,320,perno,100,174,131,245
file121.jpg,240,320,tuerca,67,67,99,100
file122.jpg,240,320,perno,67,68,119,147
file122.jpg,240,320,tuerca,121,48,146,84
file122.jpg,240,320,perno,152,18,198,65
file123.jpg,240,320,tuerca,205,100,232,141
file123.jpg,240,320,arandela,48,141,87,196
file123.jpg,240,320,arandela,57,176,108,241
file123.jpg,240,320,perno,144,34,202,67
file123.jpg,240,320,perno,151,127,209,230
file124.jpg,240,320,arandela,85,120,133,197
file124.jpg,240,320,arandela,104,167,158,261
file125.jpg,240,320,arandela,79,87,131,174
file125.jpg,240,320,arandela,100,139,162,248
file126.jpg,240,320,arandela,59,25,118,116
file126.jpg,240,320,arandela,77,189,126,267
file126.jpg,240,320,arandela,168,168,208,238
file127.jpg,240,320,arandela,10,160,52,230
file127.jpg,240,320,arandela,1,12,52,97
file127.jpg,240,320,perno,160,45,222,72
file127.jpg,240,320,perno,175,138,233,252
file127.jpg,240,320,arandela,89,148,128,205
file128.jpg,240,320,arandela,1,143,32,212
file128.jpg,240,320,arandela,118,153,151,210
file128.jpg,240,320,perno,137,16,196,50
file128.jpg,240,320,perno,205,106,231,241
file128.jpg,240,320,tuerca,206,70,237,116
file129.jpg,240,320,arandela,45,47,91,128
file129.jpg,240,320,arandela,157,208,184,255
file129.jpg,240,320,perno,190,102,237,125
file129.jpg,240,320,perno,216,182,239,292
file129.jpg,240,320,arandela,193,19,213,47
file13.jpg,240,320,tuerca,152,61,195,102
file13.jpg,240,320,tuerca,143,150,181,198
file131.jpg,240,320,tuerca,27,163,56,192
file131.jpg,240,320,tuerca,169,123,207,161
file131.jpg,240,320,perno,44,44,75,125
file131.jpg,240,320,perno,126,9,234,40
file131.jpg,240,320,arandela,140,121,182,168
file132.jpg,240,320,arandela,2,32,55,81
file132.jpg,240,320,arandela,134,186,213,263
file132.jpg,240,320,tuerca,115,172,159,217
file132.jpg,240,320,tuerca,120,102,163,142
file133.jpg,240,320,perno,78,77,136,178
file133.jpg,240,320,tuerca,208,13,240,74
file134.jpg,240,320,perno,21,152,110,188
file135.jpg,240,320,perno,90,201,162,271
file136.jpg,240,320,perno,155,83,207,166
file137.jpg,240,320,perno,156,84,210,172
file138.jpg,240,320,perno,89,37,183,81
file139.jpg,240,320,perno,52,198,115,272
file14.jpg,240,320,tuerca,29,135,67,191
file14.jpg,240,320,tuerca,89,203,125,261
file14.jpg,240,320,arandela,84,49,142,141
file140.jpg,240,320,perno,126,208,156,248
file142.jpg,240,320,perno,130,218,160,254
file142.jpg,240,320,perno,186,191,217,229
file143.jpg,240,320,perno,98,168,141,218
file149.jpg,240,320,perno,129,189,200,226
file15.jpg,240,320,perno,198,214,233,281
file15.jpg,240,320,arandela,44,234,89,307
file15.jpg,240,320,tuerca,82,157,111,201
file15.jpg,240,320,tuerca,137,246,166,291
file15.jpg,240,320,tuerca,136,100,157,133
file15.jpg,240,320,tuerca,151,127,174,163
file150.jpg,240,320,perno,127,184,194,224
file151.jpg,240,320,tuerca,121,145,146,169
file151.jpg,240,320,tuerca,165,154,200,183
file152.jpg,240,320,tuerca,82,166,106,192
file152.jpg,240,320,tuerca,80,232,112,268
file153.jpg,240,320,perno,21,86,48,103
file153.jpg,240,320,tuerca,82,232,112,267
file153.jpg,240,320,tuerca,84,168,106,192
file155.jpg,240,320,arandela,128,245,176,292
file155.jpg,240,320,perno,57,61,81,79
file156.jpg,240,320,perno,56,59,87,76
file156.jpg,240,320,arandela,133,244,177,292
file157.jpg,240,320,perno,68,192,155,223
file157.jpg,240,320,arandela,132,240,179,286
file157.jpg,240,320,perno,69,62,89,76
file158.jpg,240,320,perno,63,210,139,265
file158.jpg,240,320,arandela,132,243,181,290
file158.jpg,240,320,perno,68,61,86,76
file159.jpg,240,320,perno,175,147,230,218
file159.jpg,240,320,arandela,158,122,204,168
file16.jpg,240,320,arandela,18,30,66,114
file16.jpg,240,320,arandela,73,130,115,199
file16.jpg,240,320,arandela,134,90,179,167
file16.jpg,240,320,perno,86,257,123,315
file160.jpg,240,320,perno,14,198,104,239
file160.jpg,240,320,arandela,23,128,74,175
file161.jpg,240,320,perno,131,195,193,248
file162.jpg,240,320,perno,1,132,28,165
file162.jpg,240,320,perno,127,192,199,246
file164.jpg,240,320,tuerca,105,196,133,228
file164.jpg,240,320,perno,135,197,196,247
file164.jpg,240,320,perno,1,130,30,167
file165.jpg,240,320,arandela,72,186,111,255
file165.jpg,240,320,arandela,52,51,89,115
file166.jpg,240,320,arandela,54,52,90,113
file166.jpg,240,320,arandela,71,186,110,255
file166.jpg,240,320,perno,154,149,174,182
file167.jpg,240,320,perno,153,148,173,183
file167.jpg,240,320,arandela,74,186,111,255
file168.jpg,240,320,arandela,112,74,153,141
file168.jpg,240,320,perno,154,149,174,182
file169.jpg,240,320,arandela,113,74,153,142
file169.jpg,240,320,perno,148,186,170,211
file169.jpg,240,320,perno,182,94,197,124
file17.jpg,240,320,perno,66,135,96,203
file17.jpg,240,320,perno,106,98,144,186
file17.jpg,240,320,arandela,152,186,189,249
file170.jpg,240,320,perno,77,209,107,246
file170.jpg,240,320,perno,146,185,169,213
file170.jpg,240,320,perno,182,95,194,122
file170.jpg,240,320,arandela,110,74,154,146
file171.jpg,240,320,perno,11,112,46,164
file171.jpg,240,320,tuerca,97,164,120,194
file172.jpg,240,320,tuerca,119,154,146,197
file174.jpg,240,320,tuerca,114,125,156,204
file175.jpg,240,320,tuerca,98,113,148,196
file176.jpg,240,320,tuerca,90,106,135,172
file177.jpg,240,320,perno,6,110,48,165
file177.jpg,240,320,perno,108,164,129,265
file178.jpg,240,320,perno,9,116,49,167
file178.jpg,240,320,perno,101,69,132,155
file179.jpg,240,320,perno,13,116,46,165
file179.jpg,240,320,perno,103,65,131,154
file179.jpg,240,320,perno,127,128,154,200
file18.jpg,240,320,perno,77,110,124,170
file18.jpg,240,320,perno,69,242,116,266
file18.jpg,240,320,perno,144,219,183,313
file180.jpg,240,320,perno,57,129,110,231
file180.jpg,240,320,perno,103,127,134,183
file181.jpg,240,320,perno,58,101,124,247
file181.jpg,240,320,arandela,119,196,157,256
file182.jpg,240,320,arandela,100,199,136,257
file183.jpg,240,320,tuerca,53,164,75,199
file183.jpg,240,320,perno,71,116,109,196
file184.jpg,240,320,tuerca,70,75,105,136
file184.jpg,240,320,arandela,111,139,167,238
file185.jpg,240,320,arandela,72,43,124,136
file185.jpg,240,320,tuerca,113,218,147,275
file186.jpg,240,320,arandela,89,51,145,142
file186.jpg,240,320,tuerca,76,192,102,225
file187.jpg,240,320,arandela,80,112,134,199
file188.jpg,240,320,arandela,44,188,97,279
file188.jpg,240,320,arandela,133,100,171,169
file189.jpg,240,320,perno,73,74,92,186
file189.jpg,240,320,perno,147,24,197,77
file19.jpg,240,320,arandela,57,190,104,239
file19.jpg,240,320,tuerca,144,174,168,201
file19.jpg,240,320,tuerca,126,122,153,151
file19.jpg,240,320,arandela,106,90,143,129
file190.jpg,240,320,perno,30,49,75,121
file190.jpg,240,320,perno,72,205,167,225
file190.jpg,240,320,perno,78,113,127,170
file192.jpg,240,320,tuerca,131,117,187,166
file192.jpg,240,320,perno,29,35,67,91
file193.jpg,240,320,tuerca,89,149,137,196
file194.jpg,240,320,tuerca,93,99,161,163
file195.jpg,240,320,tuerca,87,109,166,182
file196.jpg,240,320,tuerca,104,104,148,148
file196.jpg,240,320,perno,80,79,113,130
file197.jpg,240,320,perno,112,75,160,130
file197.jpg,240,320,perno,22,22,75,49
file197.jpg,240,320,arandela,28,257,82,309
file197.jpg,240,320,arandela,98,90,123,116
file198.jpg,240,320,arandela,144,147,169,181
file198.jpg,240,320,perno,16,282,67,320
file198.jpg,240,320,perno,10,70,33,108
file198.jpg,240,320,perno,142,97,171,145
file198.jpg,240,320,arandela,161,115,194,170
file198.jpg,240,320,perno,25,86,58,136
file198.jpg,240,320,perno,159,32,182,97
file199.jpg,240,320,arandela,51,123,127,198
file199.jpg,240,320,arandela,58,82,86,110
file199.jpg,240,320,perno,158,222,189,283
file2.jpg,240,320,perno,60,199,151,250
file2.jpg,240,320,arandela,38,112,86,161
file20.jpg,240,320,tuerca,129,122,155,156
file20.jpg,240,320,perno,155,25,179,84
file202.jpg,240,320,perno,112,235,176,320
file202.jpg,240,320,arandela,44,1,131,133
file202.jpg,240,320,tuerca,103,68,127,108
file203.jpg,240,320,perno,24,166,98,214
file203.jpg,240,320,tuerca,145,243,178,281
file203.jpg,240,320,arandela,12,78,42,109
file203.jpg,240,320,arandela,94,116,194,214
file205.jpg,240,320,perno,76,179,136,221
file206.jpg,240,320,perno,61,130,140,184
file207.jpg,240,320,tuerca,97,164,130,195
file21.jpg,240,320,perno,87,208,110,257
file21.jpg,240,320,perno,49,203,67,255
file21.jpg,240,320,perno,58,144,83,174
file21.jpg,240,320,perno,85,102,128,127
file21.jpg,240,320,tuerca,22,91,49,131
file21.jpg,240,320,tuerca,97,154,117,182
file21.jpg,240,320,tuerca,139,261,163,293
file212.jpg,240,320,perno,76,139,128,202
file213.jpg,240,320,arandela,108,140,138,178
file214.jpg,240,320,perno,119,144,148,206
file215.jpg,240,320,perno,110,120,133,200
file215.jpg,240,320,tuerca,113,201,146,214
file216.jpg,240,320,perno,93,138,157,176
file217.jpg,240,320,perno,125,87,157,236
file218.jpg,240,320,perno,123,86,158,235
file219.jpg,240,320,perno,102,125,137,247
file22.jpg,240,320,tuerca,4,155,29,180
file22.jpg,240,320,perno,41,31,82,47
file22.jpg,240,320,perno,100,98,198,140
file220.jpg,240,320,perno,92,125,183,151
file221.jpg,240,320,perno,122,152,170,182
file223.jpg,240,320,perno,103,128,125,192
file224.jpg,240,320,perno,123,165,147,199
file225.jpg,240,320,perno,99,135,136,195
file228.jpg,240,320,perno,99,116,139,197
file229.jpg,240,320,perno,94,93,152,170
file229.jpg,240,320,tuerca,152,148,169,183
file23.jpg,240,320,tuerca,124,108,151,154
file23.jpg,240,320,tuerca,47,220,82,273
file23.jpg,240,320,tuerca,156,230,184,272
file23.jpg,240,320,tuerca,135,27,154,59
file23.jpg,240,320,tuerca,55,169,70,194
file23.jpg,240,320,perno,11,167,28,222
file23.jpg,240,320,perno,37,49,70,109
file230.jpg,240,320,perno,121,151,142,181
file230.jpg,240,320,tuerca,111,152,121,186
file231.jpg,240,320,perno,71,129,175,186
file232.jpg,240,320,perno,72,145,184,199
file233.jpg,240,320,perno,64,125,147,192
file233.jpg,240,320,tuerca,72,140,94,187
file234.jpg,240,320,perno,68,129,178,177
file235.jpg,240,320,perno,61,144,198,171
file236.jpg,240,320,perno,100,136,173,187
file237.jpg,240,320,perno,66,114,204,220
file238.jpg,240,320,perno,84,115,142,196
file239.jpg,240,320,perno,75,84,147,217
file239.jpg,240,320,tuerca,79,114,140,174
file240.jpg,240,320,perno,72,86,147,216
file240.jpg,240,320,tuerca,73,115,145,176
file242.jpg,240,320,tuerca,87,143,146,219
file243.jpg,240,320,perno,85,116,193,189
file244.jpg,240,320,perno,80,116,198,191
file245.jpg,240,320,perno,93,116,170,196
file246.jpg,240,320,perno,93,84,148,200
file249.jpg,240,320,perno,101,115,162,205
file25.jpg,240,320,tuerca,62,114,79,132
file25.jpg,240,320,tuerca,138,60,159,82
file25.jpg,240,320,perno,113,148,162,194
file25.jpg,240,320,perno,25,91,50,187
file25.jpg,240,320,perno,78,30,112,52
file25.jpg,240,320,perno,126,35,144,85
file250.jpg,240,320,perno,103,115,162,204
file251.jpg,240,320,perno,118,128,180,195
file252.jpg,240,320,perno,90,73,150,182
file253.jpg,240,320,tuerca,92,145,128,191
file254.jpg,240,320,tuerca,93,144,132,191
file255.jpg,240,320,tuerca,101,137,148,204
file256.jpg,240,320,perno,113,117,148,199
file257.jpg,240,320,tuerca,67,120,127,193
file258.jpg,240,320,tuerca,91,133,145,193
file259.jpg,240,320,perno,71,97,121,204
file26.jpg,240,320,perno,61,144,129,215
file26.jpg,240,320,perno,155,111,207,187
file26.jpg,240,320,perno,121,2,158,32
file26.jpg,240,320,tuerca,97,104,113,121
file260.jpg,240,320,perno,92,99,136,180
file261.jpg,240,320,perno,82,132,131,214
file262.jpg,240,320,perno,99,142,143,244
file263.jpg,240,320,perno,98,99,151,205
file264.jpg,240,320,tuerca,85,112,139,176
file265.jpg,240,320,tuerca,85,133,137,197
file266.jpg,240,320,tuerca,86,114,148,188
file267.jpg,240,320,perno,73,122,123,205
file268.jpg,240,320,perno,100,129,150,217
file27.jpg,240,320,arandela,75,112,128,169
file270.jpg,240,320,perno,101,107,143,188
file270.jpg,240,320,tuerca,37,39,78,86
file271.jpg,240,320,arandela,90,125,133,180
file272.jpg,240,320,perno,104,104,150,187
file273.jpg,240,320,perno,85,98,142,250
file274.jpg,240,320,perno,90,151,150,208
file275.jpg,240,320,tuerca,108,103,154,166
file276.jpg,240,320,tuerca,92,107,158,186
file278.jpg,240,320,tuerca,82,113,139,181
file279.jpg,240,320,tuerca,74,107,128,171
file28.jpg,240,320,perno,104,119,134,230
file280.jpg,240,320,perno,97,132,138,187
file281.jpg,240,320,perno,99,131,135,187
file282.jpg,240,320,perno,135,168,168,246
file283.jpg,240,320,perno,104,142,189,193
file284.jpg,240,320,perno,117,133,180,206
file287.jpg,240,320,tuerca,111,122,151,171
file288.jpg,240,320,perno,70,129,124,186
file289.jpg,240,320,perno,47,133,166,204
file29.jpg,240,320,perno,59,81,93,125
file29.jpg,240,320,arandela,95,141,123,167
file29.jpg,240,320,arandela,83,267,136,317
file293.jpg,240,320,perno,81,108,160,190
file294.jpg,240,320,perno,27,158,221,216
file295.jpg,240,320,perno,108,105,156,176
file297.jpg,240,320,perno,72,118,163,194
file299.jpg,240,320,perno,71,129,164,206
file3.jpg,240,320,perno,60,107,89,186
file30.jpg,240,320,perno,75,87,113,143
file30.jpg,240,320,arandela,113,160,134,197
file300.jpg,240,320,tuerca,116,109,163,165
file301.jpg,240,320,tuerca,100,113,155,187
file302.jpg,240,320,perno,108,117,153,190
file303.jpg,240,320,perno,98,112,146,221
file305.jpg,240,320,perno,99,117,148,208
file306.jpg,240,320,perno,89,161,160,204
file307.jpg,240,320,tuerca,108,149,152,208
file308.jpg,240,320,tuerca,93,142,148,209
file309.jpg,240,320,perno,105,135,157,213
file31.jpg,240,320,perno,46,180,95,268
file31.jpg,240,320,perno,159,188,201,266
file31.jpg,240,320,perno,109,18,139,83
file310.jpg,240,320,tuerca,85,145,118,207
file311.jpg,240,320,tuerca,94,121,149,185
file313.jpg,240,320,perno,101,132,156,216
file314.jpg,240,320,tuerca,90,145,140,225
file315.jpg,240,320,tuerca,80,135,137,206
file316.jpg,240,320,perno,55,116,198,245
file318.jpg,240,320,tuerca,101,156,128,184
file319.jpg,240,320,tuerca,101,164,151,219
file321.jpg,240,320,perno,84,143,152,184
file321.jpg,240,320,tuerca,119,167,141,196
file322.jpg,240,320,tuerca,114,159,139,189
file322.jpg,240,320,perno,90,212,166,244
file323.jpg,240,320,perno,108,181,133,226
file325.jpg,240,320,tuerca,110,155,132,183
file325.jpg,240,320,perno,89,184,171,215
file326.jpg,240,320,tuerca,107,184,129,211
file327.jpg,240,320,tuerca,120,187,140,212
file327.jpg,240,320,perno,87,213,118,249
file328.jpg,240,320,perno,110,178,137,202
file329.jpg,240,320,perno,118,147,165,227
file329.jpg,240,320,perno,76,125,116,206
file33.jpg,240,320,perno,64,98,166,215
file330.jpg,240,320,perno,86,181,168,211
file331.jpg,240,320,perno,65,166,92,216
file331.jpg,240,320,perno,147,113,162,268
file332.jpg,240,320,tuerca,84,172,105,202
file332.jpg,240,320,perno,136,158,157,231
file333.jpg,240,320,perno,82,116,111,141
file333.jpg,240,320,perno,58,185,122,210
file334.jpg,240,320,tuerca,85,128,107,156
file334.jpg,240,320,perno,72,201,127,238
file335.jpg,240,320,perno,51,90,86,118
file335.jpg,240,320,perno,128,139,146,170
file337.jpg,240,320,perno,131,168,165,202
file337.jpg,240,320,perno,94,155,114,187
file338.jpg,240,320,arandela,86,124,109,152
file338.jpg,240,320,perno,91,220,120,248
file339.jpg,240,320,perno,120,138,137,183
file339.jpg,240,320,perno,59,103,77,134
file340.jpg,240,320,perno,55,116,74,153
file340.jpg,240,320,perno,113,151,142,189
file341.jpg,240,320,perno,131,140,146,179
file341.jpg,240,320,perno,44,99,70,156
file342.jpg,240,320,perno,85,140,114,158
file342.jpg,240,320,tuerca,83,225,103,247
file343.jpg,240,320,perno,92,116,121,134
file343.jpg,240,320,tuerca,88,210,107,235
file344.jpg,240,320,perno,91,127,155,184
file345.jpg,240,320,perno,100,121,131,152
file345.jpg,240,320,perno,138,161,184,204
file345.jpg,240,320,tuerca,154,170,169,192
file346.jpg,240,320,arandela,142,194,172,230
file346.jpg,240,320,tuerca,104,134,125,163
file346.jpg,240,320,arandela,137,90,164,125
file347.jpg,240,320,perno,93,103,133,135
file347.jpg,240,320,perno,178,203,196,244
file347.jpg,240,320,perno,70,157,113,213
file348.jpg,240,320,perno,161,119,206,177
file348.jpg,240,320,arandela,83,137,113,171
file349.jpg,240,320,perno,104,131,140,182
file349.jpg,240,320,perno,63,118,90,140
file351.jpg,240,320,arandela,153,176,173,202
file351.jpg,240,320,arandela,99,189,122,217
file352.jpg,240,320,arandela,73,110,100,145
file352.jpg,240,320,arandela,97,220,124,253
file353.jpg,240,320,arandela,78,121,106,156
file353.jpg,240,320,arandela,98,205,126,237
file354.jpg,240,320,arandela,94,138,116,166
file354.jpg,240,320,arandela,71,179,98,214
file355.jpg,240,320,arandela,80,218,100,244
file356.jpg,240,320,perno,87,146,169,187
file356.jpg,240,320,tuerca,95,143,114,195
file357.jpg,240,320,perno,85,210,164,250
file357.jpg,240,320,perno,81,96,137,149
file358.jpg,240,320,perno,99,111,165,161
file358.jpg,240,320,perno,120,193,180,234
file358.jpg,240,320,tuerca,158,186,179,230
file361.jpg,240,320,arandela,100,176,148,235
file361.jpg,240,320,arandela,109,93,146,142
file362.jpg,240,320,arandela,98,89,129,132
file362.jpg,240,320,arandela,116,177,149,220
file364.jpg,240,320,arandela,108,132,149,184
file364.jpg,240,320,arandela,53,148,89,191
file365.jpg,240,320,arandela,71,158,105,201
file365.jpg,240,320,tuerca,142,163,163,192
file366.jpg,240,320,arandela,60,121,93,160
file366.jpg,240,320,arandela,130,133,170,182
file367.jpg,240,320,arandela,138,128,181,178
file368.jpg,240,320,arandela,92,136,138,189
file368.jpg,240,320,arandela,88,87,124,132
file369.jpg,240,320,arandela,103,169,131,207
file369.jpg,240,320,arandela,98,104,138,155
file372.jpg,240,320,perno,158,116,187,198
file372.jpg,240,320,tuerca,62,118,104,165
file373.jpg,240,320,tuerca,92,165,122,202
file373.jpg,240,320,perno,152,131,179,199
file374.jpg,240,320,perno,72,130,133,193
file374.jpg,240,320,perno,137,127,176,190
file375.jpg,240,320,perno,147,73,188,175
file375.jpg,240,320,tuerca,70,146,109,188
file376.jpg,240,320,arandela,127,126,172,183
file376.jpg,240,320,perno,70,147,111,186
file378.jpg,240,320,tuerca,101,132,131,173
file378.jpg,240,320,perno,108,87,172,231
file379.jpg,240,320,tuerca,101,125,169,222
file379.jpg,240,320,perno,89,99,120,168
file38.jpg,240,320,tuerca,92,109,156,173
file380.jpg,240,320,perno,88,84,119,153
file380.jpg,240,320,tuerca,99,111,173,210
file381.jpg,240,320,perno,78,173,137,218
file381.jpg,240,320,perno,100,90,142,130
file382.jpg,240,320,perno,63,58,176,156
file382.jpg,240,320,perno,105,144,178,212
file383.jpg,240,320,perno,113,148,156,205
file383.jpg,240,320,tuerca,98,161,128,199
file384.jpg,240,320,perno,67,141,135,168
file384.jpg,240,320,perno,117,134,170,205
file386.jpg,240,320,perno,68,123,182,176
file386.jpg,240,320,perno,144,164,181,222
file387.jpg,240,320,perno,39,111,197,223
file387.jpg,240,320,tuerca,4,191,36,231
file388.jpg,240,320,perno,92,55,225,290
file388.jpg,240,320,tuerca,161,81,193,121
file389.jpg,240,320,tuerca,86,143,120,189
file389.jpg,240,320,perno,116,171,175,221
file39.jpg,240,320,tuerca,83,162,134,211
file390.jpg,240,320,tuerca,113,130,162,192
file390.jpg,240,320,perno,63,198,119,248
file391.jpg,240,320,perno,93,88,147,128
file391.jpg,240,320,perno,109,194,168,236
file392.jpg,240,320,perno,75,75,147,182
file392.jpg,240,320,tuerca,124,108,159,156
file393.jpg,240,320,perno,95,132,175,166
file393.jpg,240,320,tuerca,124,177,157,228
file394.jpg,240,320,perno,89,59,125,265
file394.jpg,240,320,arandela,133,99,170,151
file395.jpg,240,320,perno,65,141,87,184
file395.jpg,240,320,perno,111,6,137,277
file396.jpg,240,320,perno,66,64,99,194
file396.jpg,240,320,perno,138,98,179,184
file397.jpg,240,320,perno,98,142,134,217
file397.jpg,240,320,perno,120,85,158,166
file398.jpg,240,320,perno,93,110,116,141
file398.jpg,240,320,arandela,139,147,178,201
file399.jpg,240,320,perno,86,96,110,200
file399.jpg,240,320,tuerca,113,134,148,183
file4.jpg,240,320,arandela,19,118,69,166
file4.jpg,240,320,arandela,96,46,149,101
file4.jpg,240,320,perno,82,173,138,218
file40.jpg,240,320,tuerca,132,40,190,102
file400.jpg,240,320,perno,65,107,95,138
file400.jpg,240,320,perno,160,115,193,187
file401.jpg,240,320,perno,78,109,111,219
file401.jpg,240,320,tuerca,141,111,185,168
file402.jpg,240,320,perno,71,82,141,139
file402.jpg,240,320,tuerca,131,93,169,141
file403.jpg,240,320,perno,20,149,59,223
file403.jpg,240,320,perno,171,118,211,206
file404.jpg,240,320,perno,54,166,153,234
file404.jpg,240,320,tuerca,141,104,175,154
file407.jpg,240,320,tuerca,76,139,118,195
file407.jpg,240,320,perno,130,156,161,243
file408.jpg,240,320,perno,158,107,196,181
file408.jpg,240,320,perno,126,155,147,200
file408.jpg,240,320,perno,70,172,135,230
file409.jpg,240,320,perno,136,126,171,218
file409.jpg,240,320,perno,88,83,123,108
file409.jpg,240,320,perno,61,54,103,87
file41.jpg,240,320,tuerca,82,133,125,176
file410.jpg,240,320,perno,104,154,153,199
file411.jpg,240,320,perno,92,116,141,195
file412.jpg,240,320,perno,80,66,118,160
file413.jpg,240,320,perno,91,138,150,180
file414.jpg,240,320,perno,89,139,123,208
file415.jpg,240,320,perno,74,115,118,158
file416.jpg,240,320,perno,43,123,87,176
file417.jpg,240,320,perno,77,186,118,229
file418.jpg,240,320,perno,49,130,107,180
file419.jpg,240,320,perno,64,116,109,221
file42.jpg,240,320,perno,72,34,134,88
file420.jpg,240,320,perno,145,65,164,102
file420.jpg,240,320,perno,154,149,169,197
file420.jpg,240,320,perno,136,152,159,185
file421.jpg,240,320,perno,100,128,131,154
file421.jpg,240,320,perno,131,169,159,203
file421.jpg,240,320,perno,141,92,164,111
file422.jpg,240,320,perno,67,103,114,149
file422.jpg,240,320,perno,85,215,134,262
file422.jpg,240,320,perno,142,51,169,97
file423.jpg,240,320,perno,63,138,166,221
file424.jpg,240,320,perno,82,120,149,182
file425.jpg,240,320,perno,77,142,150,166
file426.jpg,240,320,perno,62,149,132,178
file426.jpg,240,320,tuerca,136,100,184,147
file427.jpg,240,320,perno,55,55,92,144
file427.jpg,240,320,tuerca,79,171,143,221
file428.jpg,240,320,perno,34,132,76,189
file428.jpg,240,320,tuerca,82,195,135,234
file429.jpg,240,320,perno,33,127,77,187
file429.jpg,240,320,tuerca,86,257,135,301
file43.jpg,240,320,perno,20,64,83,227
file43.jpg,240,320,perno,115,132,161,173
file430.jpg,240,320,tuerca,84,127,142,214
file431.jpg,240,320,tuerca,71,178,117,245
file432.jpg,240,320,tuerca,82,115,144,203
file433.jpg,240,320,tuerca,101,98,145,151
file434.jpg,240,320,tuerca,123,137,172,197
file435.jpg,240,320,tuerca,87,103,142,156
file436.jpg,240,320,tuerca,81,107,137,156
file437.jpg,240,320,tuerca,100,125,140,180
file44.jpg,240,320,perno,103,123,136,245
file44.jpg,240,320,tuerca,190,196,209,228
file44.jpg,240,320,perno,195,40,232,73
file44.jpg,240,320,perno,177,223,214,256
file440.jpg,240,320,tuerca,112,160,146,215
file440.jpg,240,320,perno,99,119,174,175
file441.jpg,240,320,perno,140,108,205,150
file441.jpg,240,320,tuerca,110,135,143,184
file442.jpg,240,320,perno,85,126,165,205
file443.jpg,240,320,perno,77,68,137,155
file444.jpg,240,320,perno,108,113,156,161
file445.jpg,240,320,perno,126,108,180,173
file446.jpg,240,320,perno,36,216,99,285
file447.jpg,240,320,perno,155,179,210,261
file448.jpg,240,320,perno,88,144,137,197
file449.jpg,240,320,perno,82,141,125,195
file45.jpg,240,320,perno,31,76,93,155
file45.jpg,240,320,perno,152,129,206,224
file450.jpg,240,320,perno,105,107,146,146
file451.jpg,240,320,arandela,89,166,129,229
file451.jpg,240,320,arandela,130,44,171,108
file452.jpg,240,320,arandela,40,73,99,131
file452.jpg,240,320,arandela,122,180,177,236
file453.jpg,240,320,arandela,40,101,111,169
file453.jpg,240,320,arandela,88,159,155,222
file454.jpg,240,320,arandela,82,116,134,174
file454.jpg,240,320,arandela,126,116,182,180
file455.jpg,240,320,arandela,96,127,147,177
file456.jpg,240,320,arandela,107,140,166,194
file457.jpg,240,320,arandela,14,57,78,116
file458.jpg,240,320,arandela,164,243,215,301
file459.jpg,240,320,arandela,27,171,99,239
file459.jpg,240,320,arandela,108,72,178,141
file46.jpg,240,320,perno,68,112,120,162
file460.jpg,240,320,arandela,87,153,144,244
file460.jpg,240,320,arandela,47,87,85,137
file460.jpg,240,320,arandela,117,61,141,95
file462.jpg,240,320,perno,61,44,111,142
file463.jpg,240,320,perno,85,116,138,217
file464.jpg,240,320,perno,116,129,160,207
file465.jpg,240,320,perno,50,42,109,114
file466.jpg,240,320,perno,58,103,130,158
file466.jpg,240,320,arandela,152,114,199,162
file469.jpg,240,320,tuerca,59,114,108,161
file469.jpg,240,320,tuerca,143,38,190,87
file469.jpg,240,320,tuerca,76,40,114,82
file47.jpg,240,320,perno,43,82,137,220
file470.jpg,240,320,tuerca,135,75,182,123
file470.jpg,240,320,tuerca,156,201,205,248
file470.jpg,240,320,tuerca,104,165,134,207
file471.jpg,240,320,arandela,85,45,138,137
file471.jpg,240,320,perno,123,145,164,224
file471.jpg,240,320,tuerca,26,169,86,260
file472.jpg,240,320,arandela,108,78,149,144
file472.jpg,240,320,tuerca,54,137,102,201
file472.jpg,240,320,perno,124,161,155,218
file473.jpg,240,320,perno,117,115,154,153
file473.jpg,240,320,tuerca,100,179,143,239
file473.jpg,240,320,arandela,65,92,106,155
file474.jpg,240,320,arandela,46,122,92,191
file474.jpg,240,320,perno,103,148,146,189
file474.jpg,240,320,tuerca,107,196,149,264
file475.jpg,240,320,perno,80,82,130,135
file475.jpg,240,320,tuerca,99,163,129,199
file475.jpg,240,320,arandela,125,191,165,251
file476.jpg,240,320,arandela,140,118,197,174
file476.jpg,240,320,perno,116,188,185,234
file476.jpg,240,320,tuerca,39,113,77,159
file477.jpg,240,320,tuerca,44,92,85,140
file477.jpg,240,320,perno,137,168,211,217
file477.jpg,240,320,arandela,18,176,92,247
file478.jpg,240,320,perno,150,126,197,173
file479.jpg,240,320,perno,155,114,193,163
file48.jpg,240,320,perno,95,150,135,190
file480.jpg,240,320,perno,127,108,159,145
file481.jpg,240,320,perno,64,126,120,159
file482.jpg,240,320,perno,87,137,123,196
file483.jpg,240,320,perno,108,29,167,111
file484.jpg,240,320,perno,103,122,166,199
file485.jpg,240,320,perno,105,145,154,206
file486.jpg,240,320,arandela,75,111,129,164
file486.jpg,240,320,arandela,170,226,210,273
file487.jpg,240,320,arandela,82,132,145,199
file487.jpg,240,320,arandela,163,144,196,177
file487.jpg,240,320,arandela,151,100,187,136
file488.jpg,240,320,arandela,93,150,146,200
file488.jpg,240,320,arandela,162,133,192,165
file488.jpg,240,320,arandela,161,172,192,200
file489.jpg,240,320,arandela,83,73,166,154
file489.jpg,240,320,arandela,171,151,209,193
file489.jpg,240,320,arandela,77,182,122,229
file49.jpg,240,320,perno,107,166,145,223
file490.jpg,240,320,arandela,94,189,139,233
file490.jpg,240,320,arandela,175,137,215,178
file490.jpg,240,320,arandela,83,91,156,163
file491.jpg,240,320,perno,128,132,151,182
file492.jpg,240,320,perno,112,110,155,152
file493.jpg,240,320,perno,107,174,145,214
file494.jpg,240,320,perno,24,112,62,169
file495.jpg,240,320,tuerca,75,90,97,124
file495.jpg,240,320,tuerca,74,145,102,182
file495.jpg,240,320,tuerca,99,112,125,145
file496.jpg,240,320,tuerca,66,134,107,171
file496.jpg,240,320,tuerca,124,140,154,174
file496.jpg,240,320,tuerca,94,178,130,214
file497.jpg,240,320,tuerca,78,165,126,213
file497.jpg,240,320,tuerca,157,165,200,210
file497.jpg,240,320,tuerca,121,225,164,273
file498.jpg,240,320,tuerca,105,97,141,132
file498.jpg,240,320,tuerca,177,118,214,151
file498.jpg,240,320,tuerca,168,74,196,115
file499.jpg,240,320,tuerca,83,76,110,113
file499.jpg,240,320,tuerca,70,155,101,185
file499.jpg,240,320,tuerca,101,224,131,260
file5.jpg,240,320,perno,92,146,125,183
file5.jpg,240,320,arandela,32,108,76,152
file50.jpg,240,320,perno,75,118,102,173
file50.jpg,240,320,perno,70,176,108,207
file500.jpg,240,320,tuerca,109,85,136,124
file500.jpg,240,320,tuerca,96,148,125,170
file500.jpg,240,320,tuerca,119,211,141,243
file501.jpg,240,320,tuerca,108,143,144,185
file502.jpg,240,320,tuerca,91,101,125,147
file503.jpg,240,320,tuerca,92,150,130,198
file504.jpg,240,320,tuerca,90,123,124,164
file505.jpg,240,320,tuerca,106,80,137,120
file506.jpg,240,320,tuerca,63,149,101,183
file507.jpg,240,320,arandela,182,163,226,206
file508.jpg,240,320,arandela,70,59,94,82
file509.jpg,240,320,arandela,168,164,205,203
file51.jpg,240,320,perno,101,108,156,148
file51.jpg,240,320,perno,103,201,147,228
file510.jpg,240,320,arandela,18,47,101,133
file511.jpg,240,320,arandela,179,215,209,257
file513.jpg,240,320,arandela,54,63,100,112
file514.jpg,240,320,arandela,165,230,230,302
file515.jpg,240,320,arandela,78,89,126,134
file515.jpg,240,320,arandela,132,155,166,189
file516.jpg,240,320,arandela,144,197,192,245
file516.jpg,240,320,arandela,196,275,233,312
file517.jpg,240,320,arandela,9,130,80,195
file517.jpg,240,320,arandela,87,243,136,294
file518.jpg,240,320,arandela,103,113,129,138
file518.jpg,240,320,arandela,101,163,141,201
file519.jpg,240,320,arandela,96,96,137,152
file52.jpg,240,320,perno,108,162,161,195
file520.jpg,240,320,arandela,78,133,159,212
file521.jpg,240,320,arandela,47,43,78,76
file521.jpg,240,320,arandela,140,169,184,211
file522.jpg,240,320,arandela,112,7,164,55
file522.jpg,240,320,arandela,42,253,111,320
file524.jpg,240,320,arandela,67,116,141,232
file525.jpg,240,320,arandela,91,172,130,230
file526.jpg,240,320,arandela,111,52,154,115
file526.jpg,240,320,arandela,177,40,211,92
file526.jpg,240,320,arandela,37,214,73,265
file527.jpg,240,320,arandela,112,192,152,254
file527.jpg,240,320,arandela,161,59,220,154
file528.jpg,240,320,perno,95,72,151,131
file529.jpg,240,320,perno,64,174,132,262
file53.jpg,240,320,perno,122,128,169,232
file530.jpg,240,320,perno,79,78,148,120
file531.jpg,240,320,perno,121,99,199,153
file532.jpg,240,320,perno,68,52,138,86
file532.jpg,240,320,perno,79,140,124,215
file533.jpg,240,320,perno,62,109,105,203
file534.jpg,240,320,perno,140,123,172,200
file535.jpg,240,320,perno,98,165,138,207
file536.jpg,240,320,perno,107,102,151,165
file537.jpg,240,320,perno,113,144,148,205
file538.jpg,240,320,perno,39,155,85,189
file539.jpg,240,320,perno,50,147,82,178
file54.jpg,240,320,perno,68,132,114,170
file54.jpg,240,320,perno,148,121,163,158
file540.jpg,240,320,perno,153,208,180,251
file541.jpg,240,320,perno,79,196,135,258
file542.jpg,240,320,perno,90,105,129,158
file543.jpg,240,320,perno,93,116,132,171
file543.jpg,240,320,perno,122,144,154,171
file544.jpg,240,320,perno,118,97,164,188
file545.jpg,240,320,perno,107,147,129,205
file546.jpg,240,320,perno,35,109,68,159
file547.jpg,240,320,tuerca,108,85,147,139
file548.jpg,240,320,tuerca,74,147,139,206
file549.jpg,240,320,tuerca,74,101,127,154
file55.jpg,240,320,perno,79,26,158,289
file550.jpg,240,320,tuerca,121,187,174,232
file551.jpg,240,320,tuerca,105,141,138,171
file551.jpg,240,320,tuerca,121,236,175,288
file552.jpg,240,320,tuerca,169,106,213,148
file552.jpg,240,320,tuerca,36,151,60,176
file553.jpg,240,320,tuerca,105,124,136,165
file553.jpg,240,320,tuerca,144,86,177,136
file554.jpg,240,320,tuerca,80,156,101,182
file555.jpg,240,320,tuerca,88,162,109,190
file556.jpg,240,320,tuerca,152,190,178,219
file557.jpg,240,320,tuerca,119,158,149,189
file557.jpg,240,320,tuerca,174,128,195,149
file557.jpg,240,320,tuerca,121,73,150,100
file557.jpg,240,320,tuerca,15,162,44,189
file558.jpg,240,320,tuerca,62,209,84,242
file558.jpg,240,320,tuerca,13,238,43,279
file558.jpg,240,320,tuerca,145,16,180,64
file559.jpg,240,320,tuerca,50,61,76,96
file559.jpg,240,320,tuerca,132,99,146,115
file559.jpg,240,320,tuerca,210,34,225,59
file559.jpg,240,320,tuerca,63,179,89,202
file559.jpg,240,320,tuerca,101,99,127,154
file56.jpg,240,320,perno,41,126,85,173
file56.jpg,240,320,arandela,187,112,230,181
file56.jpg,240,320,tuerca,226,226,240,254
file560.jpg,240,320,tuerca,127,120,153,158
file560.jpg,240,320,tuerca,165,176,191,207
file561.jpg,240,320,tuerca,75,149,106,183
file561.jpg,240,320,tuerca,195,80,220,112
file562.jpg,240,320,tuerca,157,113,180,134
file562.jpg,240,320,tuerca,28,165,48,186
file562.jpg,240,320,tuerca,22,202,54,229
file563.jpg,240,320,tuerca,104,57,135,100
file563.jpg,240,320,tuerca,9,142,36,180
file564.jpg,240,320,perno,95,100,151,150
file564.jpg,240,320,perno,92,187,144,240
file565.jpg,240,320,perno,139,130,175,173
file566.jpg,240,320,perno,92,61,133,105
file566.jpg,240,320,perno,136,187,185,230
file567.jpg,240,320,arandela,172,134,217,175
file567.jpg,240,320,arandela,32,194,83,241
file568.jpg,240,320,arandela,40,109,103,171
file569.jpg,240,320,arandela,27,24,79,103
file57.jpg,240,320,perno,33,102,83,158
file57.jpg,240,320,perno,115,115,150,210
file570.jpg,240,320,arandela,42,154,71,202
file571.jpg,240,320,perno,84,251,111,305
file572.jpg,240,320,perno,193,33,228,94
file573.jpg,240,320,perno,37,27,85,77
file574.jpg,240,320,arandela,97,171,127,215
file574.jpg,240,320,arandela,133,140,159,183
file575.jpg,240,320,arandela,39,127,71,176
file575.jpg,240,320,arandela,60,30,95,85
file576.jpg,240,320,arandela,116,115,138,149
file576.jpg,240,320,arandela,132,147,156,182
file58.jpg,240,320,perno,53,159,125,239
file59.jpg,240,320,tuerca,144,81,174,123
file6.jpg,240,320,arandela,19,92,76,175
file6.jpg,240,320,arandela,81,174,146,284
file6.jpg,240,320,perno,152,21,210,179
file61.jpg,240,320,arandela,111,136,156,188
file62.jpg,240,320,arandela,113,41,173,99
file63.jpg,240,320,arandela,101,58,165,121
file64.jpg,240,320,arandela,89,69,131,110
file64.jpg,240,320,arandela,109,139,159,186
file65.jpg,240,320,arandela,66,49,127,110
file65.jpg,240,320,arandela,109,139,169,198
file66.jpg,240,320,perno,24,184,104,254
file66.jpg,240,320,perno,35,65,71,139
file7.jpg,240,320,perno,23,99,115,279
file7.jpg,240,320,arandela,180,89,240,194
file70.jpg,240,320,perno,114,132,158,197
file71.jpg,240,320,perno,61,144,185,184
file72.jpg,240,320,perno,72,179,106,249
file73.jpg,240,320,perno,54,101,84,164
file74.jpg,240,320,perno,85,66,121,112
file75.jpg,240,320,arandela,103,138,140,198
file77.jpg,240,320,arandela,122,100,170,181
file78.jpg,240,320,perno,48,99,97,136
file78.jpg,240,320,perno,130,233,212,282
file79.jpg,240,320,perno,56,141,109,184
file79.jpg,240,320,perno,56,179,119,215
file8.jpg,240,320,perno,68,117,131,169
file8.jpg,240,320,perno,78,227,192,259
file80.jpg,240,320,perno,52,215,132,256
file80.jpg,240,320,perno,58,91,91,120
file81.jpg,240,320,tuerca,31,195,61,235
file81.jpg,240,320,tuerca,93,170,124,213
file81.jpg,240,320,tuerca,176,232,201,268
file82.jpg,240,320,tuerca,96,122,131,177
file83.jpg,240,320,tuerca,74,152,114,196
file83.jpg,240,320,tuerca,115,166,148,195
file84.jpg,240,320,perno,78,186,106,213
file85.jpg,240,320,arandela,72,181,100,224
file85.jpg,240,320,arandela,109,95,134,128
file87.jpg,240,320,tuerca,105,225,133,270
file87.jpg,240,320,arandela,83,77,114,126
file87.jpg,240,320,arandela,141,116,174,162
file88.jpg,240,320,tuerca,103,233,128,279
file88.jpg,240,320,arandela,85,192,115,245
file88.jpg,240,320,arandela,140,118,172,164
file89.jpg,240,320,arandela,63,152,116,238
file89.jpg,240,320,arandela,161,166,189,211
file89.jpg,240,320,arandela,113,201,144,252
file89.jpg,240,320,tuerca,150,277,178,320
file9.jpg,240,320,arandela,21,169,72,244
file9.jpg,240,320,tuerca,93,175,114,208
file9.jpg,240,320,tuerca,136,239,161,275
file9.jpg,240,320,perno,16,67,93,136
file9.jpg,240,320,perno,187,186,229,285
file9.jpg,240,320,perno,136,179,167,238
file90.jpg,240,320,perno,115,77,172,139
file90.jpg,240,320,tuerca,198,55,222,94
file90.jpg,240,320,arandela,36,143,79,218
file90.jpg,240,320,arandela,110,190,149,259
file91.jpg,240,320,tuerca,143,62,186,121
file91.jpg,240,320,perno,23,147,86,189
file92.jpg,240,320,perno,46,134,80,194
file92.jpg,240,320,perno,115,129,178,191
file92.jpg,240,320,tuerca,67,38,105,80
file93.jpg,240,320,tuerca,80,55,121,91
file93.jpg,240,320,tuerca,143,140,175,166
file93.jpg,240,320,tuerca,108,264,150,309
file95.jpg,240,320,tuerca,57,152,113,208
file96.jpg,240,320,tuerca,142,63,160,89
file96.jpg,240,320,arandela,113,157,133,185
file96.jpg,240,320,arandela,43,237,83,300
file97.jpg,240,320,arandela,147,193,171,238
file97.jpg,240,320,tuerca,165,37,187,72
file98.jpg,240,320,arandela,33,152,67,207
file98.jpg,240,320,arandela,140,55,175,111
file98.jpg,240,320,perno,76,285,130,320
file99.jpg,240,320,perno,1,103,50,167
file99.jpg,240,320,perno,82,163,167,255
file99.jpg,240,320,arandela,119,16,176,65
